{"loss": [13.241264343261719, 1.8083844184875488, 1.4123917818069458, 1.1981481313705444, 1.0074448585510254, 0.8858820199966431, 0.7610790729522705, 0.6750091314315796, 0.6177511215209961, 0.5057007670402527], "accuracy": [0.1305595338344574, 0.3228120505809784, 0.49784791469573975, 0.5552367568016052, 0.6413199305534363, 0.7087517976760864, 0.7302725911140442, 0.7489239573478699, 0.8034433126449585, 0.8249641060829163], "val_loss": [1.967922329902649, 1.5328410863876343, 1.3026562929153442, 1.1739997863769531, 1.0598666667938232, 1.0173577070236206, 1.0552098751068115, 1.0125378370285034, 1.0064328908920288, 1.0069408416748047], "val_accuracy": [0.24861878156661987, 0.46408841013908386, 0.5248618721961975, 0.5359116196632385, 0.5966851115226746, 0.6132596731185913, 0.6187845468521118, 0.6132596731185913, 0.6685082912445068, 0.6629834175109863]}